mtodd,2013-03-21/2013-03-27,2013-03-28/2013-04-22,2013-04-25/2013-04-27,2013-04-27/2013-05-01,2013-05-02/2013-05-15,2013-05-16/2013-06-22,2013-06-22/2013-09-15,2013-09-15/2013-10-31,2013-11-01/2013-12-10,2013-12-10/2013-12-12,2013-12-13/2014-04-11,2014-04-12/2014-05-11,2014-05-11/2014-05-13,2014-05-13/2014-05-16,2014-05-16/2014-05-18,2014-05-18/2014-05-29,2014-05-29/2014-06-07,2014-06-07/2014-06-14,2014-06-15/2014-06-21,2014-06-21/2014-09-16,2014-09-16/2014-09-21,2014-09-23/2014-09-25,2014-09-26/2014-11-21,2014-11-23/2014-11-26,2014-11-26/2015-01-05,2015-01-05/2015-02-04,2015-02-04/2015-02-25
josh,2013-11-01/2014-09-22
raganwald
aroben
sshirokov
tricknotes
blainesch
JuanitoFatas,2015-01-15/2015-01-30,2015-01-30/2015-02-24
skalnik,2016-03-17/2016-03-21
